iso2,lat,lng
AD,42.5,1.5
AE,23.5,54.5
AF,34.2,66.5
AG,17.4,-61.8
AI,18.2,-63.0
AL,40.7,20.1
AM,40.5,44.8
AO,-12.2,18.0
AQ,-79.8,35.9
AR,-33.5,-64.2
AS,-14.3,-170.7
AT,47.5,14.1
AU,-24.1,134.0
AW,12.5,-70.0
AX,60.2,19.9
AZ,40.4,47.2
BA,44.1,18.1
BB,13.2,-59.6
BD,24.2,89.7
BE,50.8,4.8
BF,12.7,-1.4
BG,42.5,25.2
BH,26.1,50.6
BI,-3.3,29.9
BJ,10.3,2.4
BL,17.9,-62.8
BM,32.3,-64.8
BN,4.4,114.6
BO,-16.7,-64.6
BR,-12.1,-49.6
BS,26.4,-77.1
BT,27.5,90.0
BW,-22.1,24.2
BY,53.8,28.4
BZ,17.2,-88.7
CA,60.3,-101.9
CD,-1.9,23.5
CF,7.0,20.9
CG,0.1,15.9
CH,46.7,7.5
CI,7.5,-5.6
CK,-21.2,-159.8
CL,-38.2,-72.3
CM,4.6,12.5
CN,32.5,106.3
CO,3.4,-73.2
CR,10.1,-84.1
CU,21.3,-78.0
CV,15.1,-23.6
CW,12.1,-68.9
CY,34.9,33.1
CZ,49.9,15.4
DE,51.0,9.7
DJ,12.0,42.5
DK,56.0,9.0
DM,15.5,-61.3
DO,19.1,-70.7
DZ,27.4,2.8
EC,-1.3,-78.2
EE,58.7,25.9
EG,26.2,29.4
EH,24.0,-12.6
ER,15.8,38.3
ES,40.1,-3.5
ET,8.0,39.1
FI,63.3,27.3
FJ,-17.8,178.0
FK,-51.6,-58.7
FM,6.9,158.2
FO,62.2,-7.1
FR,46.7,2.6
GA,-0.4,11.8
GB,54.4,-2.1
GD,12.1,-61.7
GE,41.9,43.7
GG,49.5,-2.6
GH,7.7,-1.0
GL,74.3,-39.3
GM,13.6,-15.0
GN,10.6,-10.0
GQ,2.3,9.0
GR,39.5,21.7
GS,-55.7,-31.1
GT,15.0,-90.5
GU,13.4,144.7
GW,12.2,-14.5
GY,5.1,-58.9
HK,22.4,114.1
HM,-53.1,73.5
HN,14.8,-86.9
HR,45.8,16.4
HT,19.3,-72.2
HU,47.1,19.4
ID,-1.0,101.9
IE,53.1,-7.8
IL,30.9,34.8
IM,54.2,-4.5
IN,22.7,79.4
IO,-6.2,71.3
IQ,33.1,43.3
IR,32.2,54.9
IS,64.8,-18.7
IT,44.7,11.1
JE,49.2,-2.1
JM,18.1,-77.3
JO,30.8,36.4
JP,36.1,138.4
KE,0.5,37.9
KG,41.7,74.5
KH,12.6,104.5
KI,1.8,-157.4
KM,-11.7,43.3
KN,17.3,-62.8
KP,39.9,126.4
KR,36.4,128.1
KW,29.4,47.3
KY,19.3,-81.2
KZ,49.1,68.7
LA,19.4,102.5
LB,34.1,36.0
LC,13.9,-61.0
LI,47.1,9.6
LK,7.6,80.7
LR,6.4,-9.5
LS,-29.5,28.2
LT,55.1,24.1
LU,49.7,6.1
LV,57.1,25.5
LY,26.6,18.0
MA,31.7,-7.2
MC,43.7,7.4
MD,47.4,28.5
ME,42.8,19.1
MF,18.1,-63.0
MG,-18.6,46.7
MH,7.1,171.2
MK,41.6,21.6
ML,18.7,-2.0
MM,21.6,95.8
MN,46.0,104.2
MO,22.1,113.6
MP,15.2,145.7
MR,19.6,-9.7
MS,16.7,-62.2
MT,35.9,14.4
MU,-20.3,57.6
MV,4.2,73.5
MW,-13.4,33.6
MX,23.9,-102.3
MY,2.5,113.8
MZ,-13.9,37.8
NA,-20.6,17.1
NC,-21.1,165.1
NE,17.4,9.5
NF,-29.0,168.0
NG,9.4,7.5
NI,12.7,-85.1
NL,52.4,5.6
NO,61.4,9.7
NP,28.3,83.6
NR,-0.5,166.9
NU,-19.0,-169.9
NZ,-39.8,172.8
OM,22.1,57.3
PA,8.7,-80.4
PE,-13.0,-72.9
PF,-17.6,-149.5
PG,-5.7,143.9
PH,11.2,122.5
PK,29.3,68.5
PL,52.0,19.5
PM,47.0,-56.3
PN,-24.4,-128.3
PR,18.2,-66.5
PS,32.0,35.3
PT,39.6,-8.3
PW,7.5,134.6
PY,-21.7,-60.1
QA,25.2,51.1
RO,45.7,25.0
RS,44.2,20.8
RU,58.2,44.7
RW,-1.9,30.1
SA,23.8,44.7
SB,-8.0,159.2
SC,-4.7,55.5
SD,16.3,29.3
SE,65.9,19.0
SG,1.4,103.8
SH,-16.0,-5.7
SI,46.1,14.9
SK,48.7,19.0
SL,8.6,-11.8
SM,43.9,12.4
SN,15.1,-14.8
SO,3.6,45.2
SR,4.1,-55.9
SS,7.2,30.4
ST,1.0,7.0
SV,13.7,-88.9
SX,18.0,-63.1
SY,35.0,38.3
SZ,-26.5,31.5
TC,21.8,-71.8
TD,15.1,18.6
TF,-49.3,69.1
TG,8.8,1.1
TH,15.5,101.1
TJ,38.2,72.6
TL,-8.8,125.9
TM,39.9,58.7
TN,33.7,9.0
TO,-21.2,-175.2
TR,39.3,34.5
TT,11.0,-60.9
TV,-8.5,179.2
TZ,-6.1,35.0
UA,49.7,32.1
UG,2.0,32.9
US,39.5,-97.5
UY,-33.0,-56.0
UZ,41.7,64.0
VA,41.9,12.5
VC,13.1,-61.3
VE,7.2,-64.6
VG,18.4,-64.6
VI,17.7,-64.8
VN,21.7,105.4
VU,-15.4,166.9
WF,-14.3,-178.1
WS,-13.6,-172.4
XK,42.6,20.9
YE,15.3,45.9
ZA,-29.7,23.7
ZM,-14.7,26.4
ZW,-18.9,29.9
